<?xml version="1.0" encoding="utf-8"?>
<!DOCTYPE install PUBLIC "-//Joomla! 2.5//DTD template 1.0//EN" "http://www.joomla.org/xml/dtd/1.6/template-install.dtd">
<extension version="2.5" type="template" client="site">
	<name>portalidentidadepadrao</name>
	<creationDate>Outubro 2017</creationDate>
	<author>Bernardo Silva</author>
	<authorEmail>bernardo.silva@furg.br</authorEmail>
	
	<authorUrl>https://github.com/dioubernardo</authorUrl>
	<copyright>Free</copyright>
	<license>GNU General Public License version 2</license>
	
	<version>1.0.1</version>
	
	<updateservers>
		<server type="extension" priority="1" name="Repositório Portal Identidade Padrão Joomla">https://github.com/dioubernardo/pip-joomla/raw/master/dist/portalidentidadepadrao.xml</server>
	</updateservers>	
	
	<files>
		<folder>bootstrap</folder>
		<folder>css</folder>
		<folder>font-awesome</folder>
		<folder>fonts</folder>
		<folder>html</folder>
		<folder>images</folder>
		<folder>img</folder>
		<folder>jplayer</folder>
		<folder>js</folder>
		<folder>language</folder>
		<filename>component.php</filename>
		<filename>error.php</filename>
		<filename>favicon.ico</filename>
		<filename>helper.php</filename>
		<filename>index.php</filename>
		<filename>templateDetails.xml</filename>
		<filename>template_preview.png</filename>
		<filename>template_thumbnail.png</filename>
	</files>

	<positions>
		<position>barra-do-governo</position>
		<position>debug</position>
		<position>header-meio-direita</position>
		<position>header-topo-direita</position>
		<position>internas-direita</position>
		<position>internas-rodape</position>
		<position>internas-topo</position>
		<position>menu-principal</position>
		<position>menu-sobre</position>
		<position>menus-rodape</position>
		<position>pagina-inicial</position>
		<position>pagina-interna-capa</position>
		<position>topo-main</position>
	</positions>

	<languages folder="language">
		<language tag="pt-BR">pt-BR/pt-BR.tpl_portalidentidadepadrao.ini</language>
		<language tag="en-GB">en-GB/en-GB.tpl_portalidentidadepadrao.ini</language>
		<language tag="es-ES">es-ES/es-ES.tpl_portalidentidadepadrao.ini</language>
	</languages>

	<config>
		<fields name="params">
			<fieldset name="advanced">
				<field name="cor" type="list" default="verde"
					label="Padrão de cores"
					description="Padrão de cores utilizado."
					filter="word"
				>
					<option value="amarelo">amarelo</option>
					<option value="azul">azul</option>
					<option value="branco">branco</option>
					<option value="verde">verde</option>
				</field>
				<field name="font_style_url" type="text" default="http://fonts.googleapis.com/css?family=Open+Sans:400italic,400,600,800,700"
					label="URL de estilo de fonte"
					description="URL interna ou externa onde se encontra o estilo de fonte utilizado. Para não utilizar, informar 'NENHUM'. Para utilizar as fontes locais que fazem parte do padrão e já estão instaladas e configuradas para este template, informe simplesmente {LOCALFONT}. Para utilizar outra referência de endereço local, utilize {SITE} para indicar o endereço raiz deste site, a partir do qual o arquivo css deverá estar refernciado."
					filter="string" size="70" />
				<field name="icon_style" type="list" default="bitmap-portal-brasil"
					label="Estilo de ícones"
					description="Determine se os ícones da central de conteúdo e de redes sociais serão no padrão font-awesome, utilizando vetores, ou no padrão do guia do portal Brasil de 24/02/3014, em bitmap formato png"
					filter="string"
				>
					<option value="bitmap-portal-brasil">portal Brasil (bitmap .png)</option>
					<option value="font-awesome">font-awesome (vetor .svg)</option>
				</field>
				<field name="denominacao" type="text" default=""
					label="Denominação do órgão"
					description="Informar denominação do órgão. Exemplo: 'Ministério do'"
					filter="string" />
				<field name="nome_principal" type="text" default="Nome principal"
					label="Nome principal do órgão"
					description="Informar nome principal do órgão. Exemplo: 'Planejamento'"
					filter="string" />
				<field name="subordinacao" type="text" default=""
					label="Subordinação"
					description="Informar subordinação do órgão, quando não se tratar do site do órgão principal."
					filter="string" />
				<field name="classe_nome_principal" type="list" default=""
					label="Classe de ajuste de nome principal"
					description="Ajuste do nome principal do órgão, aumentando a fonte para o caso de palavras curtas ou restringindo o tamanho para o caso de nomes de órgãos que sejam mais longos."
					filter="string"
				>
					<option value="">Padrão</option>
					<option value="small">small - diminuir fonte</option>
					<option value="big">big - aumentar fonte</option>
				</field>
				<field name="emblema" type="media" default=""
					label="Emblema"
					description="Para o caso de instituições militares, informe o caminho do emblema, a partir do diretório /images. Há exemplos de emblemas no endereço /images/exemplo_emblemas . Tamanho máximo preferencial: 112px de largura por 80px de altura" />
				<field name="rodape_acesso_informacao" type="list" default="1"
					label="Exibir logo acesso à informação"
					description="Logo no rodapé do acesso à informação"
					filter="integer"
				>
					<option value="1">SIM</option>
					<option value="0">NÃO</option>
				</field>
				<field name="rodape_logo_brasil" type="list" default="0"
					label="Exibir logo BRASIL"
					description="Logo no rodapé do Governo Federal"
					filter="integer"
				>
					<option value="1">SIM</option>
					<option value="0">NÃO</option>
				</field>
				<field name="mensagem_final_ferramenta" type="textarea" default=""
					label="Mensagem final a respeito da ferramenta"
					description="Mensagem final, a respeito da ferramenta utilizada. Mantenha em branco para deixar a mensagem padrão."
					filter="raw" cols="50" rows="9" />
				<field type="spacer" hr="true" />
				<field name="clear_default_javascript" type="list" default="0"
					label="Limpar chamadas mootools padrão do joomla"
					description="Decidir se os scripts de mootools podem ser retirados da página. Pode causar incompatibilidade com algumas ferramentas."
					filter="integer"
				>
					<option value="1">SIM</option>
					<option value="0">NÃO</option>
				</field>
				<field name="local_mainscript" type="list" default="footer"
					label="Local dos arquivos javascript principais"
					description="De acordo com as possíveis incompatibilidades decorrentes do local de utilização, alterar local das chamadas jquery e do local do script principal do template, onde podem constar funções de apoio do template."
					filter="string"
				>
					<option value="before_head">Antes do jmodule HEAD</option>
					<option value="after_head">Depois do jmodule HEAD</option>
					<option value="footer">no final da página</option>
				</field>
				<field type="spacer" hr="true" />
				<field name="anexar_js_barra2014" type="list" default="0" label="Anexar arquivo JS da barra do governo 2014" description="Anexa arquivo JS, se disponível para a versão da barra.">
					<option value="1">SIM</option>
					<option value="0">NÃO</option>
		  		</field>
		  		<field name="endereco_js_barra2014" type="text" default="http://barra.brasil.gov.br/barra.js?cor=verde" label="Endereço do script externo" description="Dados provenientes de externamente." size="45" />
		  		<field type="spacer" hr="true" />
		  		<field name="google_analytics_id" type="text" default=""
					label="ID do google analytics"
					description="Informe ID para acompanhamento no google analytics."
					filter="raw" size="30" />
				<field name="google_analytics_domain_name" type="text" default=""
					label="Subdomínios"
					description="Subdomínios. Verifique se deve utilizar essa configuração ou não no site do google analytics."
					filter="string" size="30" />
				<field name="google_analytics_allow_linker" type="list" default="0"
					label="Domínios de nível mais alto"
					description="Exemplo: dominio.gov; domínio.gov.br2 . Dificilmente será utilizado."
					filter="integer"
				>
					<option value="0">Não</option>
					<option value="1">Sim</option>
				</field>
				<field type="spacer" hr="true" />
				<field name="allow_set_color" type="list" default="0" label="Permitir teste com outra cor de tema" description="Permite configurar a cor de uma página específica, com a cor de um tema diferente da cor do tema padrão. Ex.: index.php?cor=amarelo">					
					<option value="1">SIM</option>
					<option value="0">NÃO</option>		
		  		</field>
		  		<field name="meta_generator" type="text" default=""
					label="Tag Generator"
					description="Informação da meta tag generator do site. Informe o nome da área responsável pelo site dentro de sua instituição, mas avalie se é positivo ou não colocar os dados de contato."
					filter="string" />
			</fieldset>
		</fields>
	</config>
</extension>
